REGION TYPE,REGION,YEAR,WEEK,% WEIGHTED ILI,%UNWEIGHTED ILI,AGE 0-4,AGE 25-49,AGE 25-64,AGE 5-24,AGE 50-64,AGE 65,ILITOTAL,NUM. OF PROVIDERS,TOTAL PATIENTS
States,Texas,2010,40,X,2.06514,X,X,X,X,X,X,1050,98,50844
States,Texas,2010,41,X,2.09394,X,X,X,X,X,X,1061,97,50670
States,Texas,2010,42,X,2.10072,X,X,X,X,X,X,1090,98,51887
States,Texas,2010,43,X,2.20655,X,X,X,X,X,X,1117,96,50622
States,Texas,2010,44,X,2.36381,X,X,X,X,X,X,1218,99,51527
States,Texas,2010,45,X,2.51778,X,X,X,X,X,X,1310,97,52030
States,Texas,2010,46,X,2.24622,X,X,X,X,X,X,1121,95,49906
States,Texas,2010,47,X,2.59866,X,X,X,X,X,X,964,90,37096
States,Texas,2010,48,X,2.56617,X,X,X,X,X,X,1273,93,49607
States,Texas,2010,49,X,2.40335,X,X,X,X,X,X,1165,93,48474
States,Texas,2010,50,X,2.84097,X,X,X,X,X,X,1350,88,47519
States,Texas,2010,51,X,3.87315,X,X,X,X,X,X,1418,81,36611
States,Texas,2010,52,X,3.40711,X,X,X,X,X,X,1293,81,37950
States,Texas,2011,1,X,3.21248,X,X,X,X,X,X,1524,89,47440
States,Texas,2011,2,X,4.05996,X,X,X,X,X,X,1950,89,48030
States,Texas,2011,3,X,4.73202,X,X,X,X,X,X,2518,92,53212
States,Texas,2011,4,X,5.93439,X,X,X,X,X,X,3381,97,56973
States,Texas,2011,5,X,6.68052,X,X,X,X,X,X,3086,95,46194
States,Texas,2011,6,X,8.12867,X,X,X,X,X,X,3280,91,40351
States,Texas,2011,7,X,8.26519,X,X,X,X,X,X,4821,88,58329
States,Texas,2011,8,X,6.66045,X,X,X,X,X,X,3641,90,54666
States,Texas,2011,9,X,4.58565,X,X,X,X,X,X,2401,87,52359
States,Texas,2011,10,X,3.68025,X,X,X,X,X,X,1784,82,48475
States,Texas,2011,11,X,2.84749,X,X,X,X,X,X,1231,84,43231
States,Texas,2011,12,X,3.1125,X,X,X,X,X,X,1082,82,34763
States,Texas,2011,13,X,2.13536,X,X,X,X,X,X,968,79,45332
States,Texas,2011,14,X,1.83216,X,X,X,X,X,X,827,79,45138
States,Texas,2011,15,X,1.67025,X,X,X,X,X,X,770,83,46101
States,Texas,2011,16,X,1.66212,X,X,X,X,X,X,683,70,41092
States,Texas,2011,17,X,1.4454,X,X,X,X,X,X,605,70,41857
States,Texas,2011,18,X,1.62718,X,X,X,X,X,X,662,61,40684
States,Texas,2011,19,X,1.7883,X,X,X,X,X,X,730,68,40821
States,Texas,2011,20,X,1.43878,X,X,X,X,X,X,574,64,39895
States,Texas,2011,21,X,1.18284,X,X,X,X,X,X,459,56,38805
States,Texas,2011,22,X,1.47219,X,X,X,X,X,X,487,55,33080
States,Texas,2011,23,X,1.0381,X,X,X,X,X,X,391,51,37665
States,Texas,2011,24,X,1.20398,X,X,X,X,X,X,434,51,36047
States,Texas,2011,25,X,1.09499,X,X,X,X,X,X,378,49,34521
States,Texas,2011,26,X,1.44139,X,X,X,X,X,X,323,47,22409
States,Texas,2011,27,X,1.09916,X,X,X,X,X,X,333,47,30296
States,Texas,2011,28,X,1.11008,X,X,X,X,X,X,384,46,34592
States,Texas,2011,29,X,0.794791,X,X,X,X,X,X,260,45,32713
States,Texas,2011,30,X,0.927915,X,X,X,X,X,X,298,44,32115
States,Texas,2011,31,X,0.947032,X,X,X,X,X,X,317,45,33473
States,Texas,2011,32,X,0.820541,X,X,X,X,X,X,302,43,36805
States,Texas,2011,33,X,0.965857,X,X,X,X,X,X,372,45,38515
States,Texas,2011,34,X,1.01165,X,X,X,X,X,X,388,45,38353
States,Texas,2011,35,X,1.43408,X,X,X,X,X,X,550,47,38352
States,Texas,2011,36,X,1.72981,X,X,X,X,X,X,557,44,32200
States,Texas,2011,37,X,1.65811,X,X,X,X,X,X,591,44,35643
States,Texas,2011,38,X,1.60235,X,X,X,X,X,X,568,42,35448
States,Texas,2011,39,X,1.4147,X,X,X,X,X,X,510,45,36050
States,Texas,2011,40,X,1.86712,X,X,X,X,X,X,772,71,41347
States,Texas,2011,41,X,1.67872,X,X,X,X,X,X,692,70,41222
States,Texas,2011,42,X,2.03903,X,X,X,X,X,X,792,73,38842
States,Texas,2011,43,X,2.02721,X,X,X,X,X,X,833,71,41091
States,Texas,2011,44,X,1.87592,X,X,X,X,X,X,768,71,40940
States,Texas,2011,45,X,2.08825,X,X,X,X,X,X,876,72,41949
States,Texas,2011,46,X,2.17252,X,X,X,X,X,X,915,68,42117
States,Texas,2011,47,X,2.21466,X,X,X,X,X,X,722,70,32601
States,Texas,2011,48,X,2.01649,X,X,X,X,X,X,802,67,39772
States,Texas,2011,49,X,1.89337,X,X,X,X,X,X,608,65,32112
States,Texas,2011,50,X,2.08667,X,X,X,X,X,X,781,66,37428
States,Texas,2011,51,X,2.27904,X,X,X,X,X,X,779,63,34181
States,Texas,2011,52,X,2.32308,X,X,X,X,X,X,713,65,30692
States,Texas,2012,1,X,1.97471,X,X,X,X,X,X,745,71,37727
States,Texas,2012,2,X,2.1558,X,X,X,X,X,X,859,72,39846
States,Texas,2012,3,X,2.30727,X,X,X,X,X,X,923,70,40004
States,Texas,2012,4,X,2.25494,X,X,X,X,X,X,899,72,39868
States,Texas,2012,5,X,2.52889,X,X,X,X,X,X,1046,70,41362
States,Texas,2012,6,X,2.65401,X,X,X,X,X,X,1124,70,42351
States,Texas,2012,7,X,2.95371,X,X,X,X,X,X,1241,70,42015
States,Texas,2012,8,X,3.23367,X,X,X,X,X,X,1141,70,35285
States,Texas,2012,9,X,3.32506,X,X,X,X,X,X,1434,69,43127
States,Texas,2012,10,X,2.87245,X,X,X,X,X,X,960,67,33421
States,Texas,2012,11,X,3.59362,X,X,X,X,X,X,1278,67,35563
States,Texas,2012,12,X,2.79685,X,X,X,X,X,X,1149,67,41082
States,Texas,2012,13,X,2.7007,X,X,X,X,X,X,1057,64,39138
States,Texas,2012,14,X,2.5217,X,X,X,X,X,X,947,62,37554
States,Texas,2012,15,X,2.13492,X,X,X,X,X,X,851,61,39861
States,Texas,2012,16,X,2.16547,X,X,X,X,X,X,842,60,38883
States,Texas,2012,17,X,2.05988,X,X,X,X,X,X,765,59,37138
States,Texas,2012,18,X,2.09649,X,X,X,X,X,X,737,57,35154
States,Texas,2012,19,X,2.0889,X,X,X,X,X,X,751,57,35952
States,Texas,2012,20,X,2.26203,X,X,X,X,X,X,750,55,33156
States,Texas,2012,21,X,2.19944,X,X,X,X,X,X,781,53,35509
States,Texas,2012,22,X,2.95784,X,X,X,X,X,X,611,49,20657
States,Texas,2012,23,X,1.60563,X,X,X,X,X,X,552,49,34379
States,Texas,2012,24,X,1.5692,X,X,X,X,X,X,520,50,33138
States,Texas,2012,25,X,1.68002,X,X,X,X,X,X,539,48,32083
States,Texas,2012,26,X,2.77603,X,X,X,X,X,X,572,48,20605
States,Texas,2012,27,X,1.85638,X,X,X,X,X,X,516,48,27796
States,Texas,2012,28,X,1.52724,X,X,X,X,X,X,467,43,30578
States,Texas,2012,29,X,1.50484,X,X,X,X,X,X,471,44,31299
States,Texas,2012,30,X,1.42374,X,X,X,X,X,X,438,45,30764
States,Texas,2012,31,X,1.45901,X,X,X,X,X,X,491,45,33653
States,Texas,2012,32,X,1.44944,X,X,X,X,X,X,500,45,34496
States,Texas,2012,33,X,1.42747,X,X,X,X,X,X,519,45,36358
States,Texas,2012,34,X,1.4741,X,X,X,X,X,X,561,44,38057
States,Texas,2012,35,X,1.42978,X,X,X,X,X,X,542,45,37908
States,Texas,2012,36,X,1.75285,X,X,X,X,X,X,579,45,33032
States,Texas,2012,37,X,2.14994,X,X,X,X,X,X,780,44,36280
States,Texas,2012,38,X,2.12454,X,X,X,X,X,X,782,45,36808
States,Texas,2012,39,X,2.08406,X,X,X,X,X,X,778,44,37331
States,Texas,2012,40,X,1.98396,X,X,X,X,X,X,794,62,40021
States,Texas,2012,41,X,2.35146,X,X,X,X,X,X,951,61,40443
States,Texas,2012,42,X,1.94499,X,X,X,X,X,X,768,63,39486
States,Texas,2012,43,X,2.55229,X,X,X,X,X,X,981,62,38436
States,Texas,2012,44,X,2.7858,X,X,X,X,X,X,1080,63,38768
States,Texas,2012,45,X,3.20738,X,X,X,X,X,X,1314,65,40968
States,Texas,2012,46,X,3.22458,X,X,X,X,X,X,1269,61,39354
States,Texas,2012,47,X,5.1617,X,X,X,X,X,X,1644,63,31850
States,Texas,2012,48,X,3.96355,X,X,X,X,X,X,1692,63,42689
States,Texas,2012,49,X,5.21819,X,X,X,X,X,X,2229,64,42716
States,Texas,2012,50,X,6.03698,X,X,X,X,X,X,2524,64,41809
States,Texas,2012,51,X,7.99241,X,X,X,X,X,X,3327,60,41627
States,Texas,2012,52,X,9.69432,X,X,X,X,X,X,2924,61,30162
States,Texas,2013,1,X,8.24784,X,X,X,X,X,X,3023,65,36652
States,Texas,2013,2,X,7.61521,X,X,X,X,X,X,3518,65,46197
States,Texas,2013,3,X,7.688,X,X,X,X,X,X,3430,66,44615
States,Texas,2013,4,X,7.58763,X,X,X,X,X,X,3284,64,43281
States,Texas,2013,5,X,5.83695,X,X,X,X,X,X,2367,64,40552
States,Texas,2013,6,X,4.63083,X,X,X,X,X,X,1822,65,39345
States,Texas,2013,7,X,3.98526,X,X,X,X,X,X,1514,64,37990
States,Texas,2013,8,X,3.23762,X,X,X,X,X,X,1247,61,38516
States,Texas,2013,9,X,3.29329,X,X,X,X,X,X,1272,63,38624
States,Texas,2013,10,X,3.38592,X,X,X,X,X,X,1350,61,39871
States,Texas,2013,11,X,3.0704,X,X,X,X,X,X,1028,58,33481
States,Texas,2013,12,X,2.68087,X,X,X,X,X,X,1042,59,38868
States,Texas,2013,13,X,2.54637,X,X,X,X,X,X,913,58,35855
States,Texas,2013,14,X,2.46144,X,X,X,X,X,X,806,55,32745
States,Texas,2013,15,X,2.34755,X,X,X,X,X,X,835,55,35569
States,Texas,2013,16,X,2.28962,X,X,X,X,X,X,847,56,36993
States,Texas,2013,17,X,2.10066,X,X,X,X,X,X,745,54,35465
States,Texas,2013,18,X,1.91757,X,X,X,X,X,X,670,53,34940
States,Texas,2013,19,X,2.04946,X,X,X,X,X,X,702,51,34253
States,Texas,2013,20,X,1.9264,X,X,X,X,X,X,680,50,35299
States,Texas,2013,21,X,1.72047,X,X,X,X,X,X,598,51,34758
States,Texas,2013,22,X,1.9246,X,X,X,X,X,X,585,51,30396
States,Texas,2013,23,X,1.66351,X,X,X,X,X,X,545,49,32762
States,Texas,2013,24,X,1.57641,X,X,X,X,X,X,510,47,32352
States,Texas,2013,25,X,2.07494,X,X,X,X,X,X,644,47,31037
States,Texas,2013,26,X,1.84375,X,X,X,X,X,X,569,46,30861
States,Texas,2013,27,X,1.99341,X,X,X,X,X,X,508,46,25484
States,Texas,2013,28,X,1.87277,X,X,X,X,X,X,547,45,29208
States,Texas,2013,29,X,1.75622,X,X,X,X,X,X,522,45,29723
States,Texas,2013,30,X,1.55077,X,X,X,X,X,X,469,45,30243
States,Texas,2013,31,X,1.71643,X,X,X,X,X,X,518,56,30179
States,Texas,2013,32,X,1.42036,X,X,X,X,X,X,425,54,29922
States,Texas,2013,33,X,1.64627,X,X,X,X,X,X,491,50,29825
States,Texas,2013,34,X,1.65108,X,X,X,X,X,X,542,53,32827
States,Texas,2013,35,X,2.14174,X,X,X,X,X,X,741,57,34598
States,Texas,2013,36,X,2.89449,X,X,X,X,X,X,908,55,31370
States,Texas,2013,37,X,2.86301,X,X,X,X,X,X,1129,73,39434
States,Texas,2013,38,X,3.05223,X,X,X,X,X,X,1181,74,38693
States,Texas,2013,39,X,3.29382,X,X,X,X,X,X,1256,100,38132
States,Texas,2013,40,X,2.2366,X,X,X,X,X,X,954,120,42654
States,Texas,2013,41,X,2.39646,X,X,X,X,X,X,1078,125,44983
States,Texas,2013,42,X,2.65115,X,X,X,X,X,X,1087,122,41001
States,Texas,2013,43,X,2.45818,X,X,X,X,X,X,1102,123,44830
States,Texas,2013,44,X,2.54797,X,X,X,X,X,X,1118,123,43878
States,Texas,2013,45,X,2.98433,X,X,X,X,X,X,1202,110,40277
States,Texas,2013,46,X,3.57321,X,X,X,X,X,X,1649,124,46149
States,Texas,2013,47,X,4.24138,X,X,X,X,X,X,1975,120,46565
States,Texas,2013,48,X,5.07503,X,X,X,X,X,X,1576,121,31054
States,Texas,2013,49,X,5.62401,X,X,X,X,X,X,2492,122,44310
States,Texas,2013,50,X,6.56142,X,X,X,X,X,X,2797,121,42628
States,Texas,2013,51,X,10.0139,X,X,X,X,X,X,4616,118,46096
States,Texas,2013,52,X,11.0449,X,X,X,X,X,X,3594,119,32540
States,Texas,2014,1,X,9.17567,X,X,X,X,X,X,3415,121,37218
States,Texas,2014,2,X,7.02738,X,X,X,X,X,X,3160,122,44967
States,Texas,2014,3,X,5.47173,X,X,X,X,X,X,2495,120,45598
States,Texas,2014,4,X,4.97024,X,X,X,X,X,X,2046,117,41165
States,Texas,2014,5,X,4.69254,X,X,X,X,X,X,1920,120,40916
States,Texas,2014,6,X,4.15233,X,X,X,X,X,X,1774,119,42723
States,Texas,2014,7,X,4.02182,X,X,X,X,X,X,1659,117,41250
States,Texas,2014,8,X,3.86342,X,X,X,X,X,X,1713,118,44339
States,Texas,2014,9,X,3.97478,X,X,X,X,X,X,1677,113,42191
States,Texas,2014,10,X,3.78548,X,X,X,X,X,X,1555,114,41078
States,Texas,2014,11,X,3.66299,X,X,X,X,X,X,1323,112,36118
States,Texas,2014,12,X,3.39706,X,X,X,X,X,X,1386,112,40800
States,Texas,2014,13,X,3.34885,X,X,X,X,X,X,1338,111,39954
States,Texas,2014,14,X,3.21687,X,X,X,X,X,X,1277,108,39697
States,Texas,2014,15,X,3.35918,X,X,X,X,X,X,1343,106,39980
States,Texas,2014,16,X,3.0909,X,X,X,X,X,X,1204,107,38953
States,Texas,2014,17,X,2.84024,X,X,X,X,X,X,1128,106,39715
States,Texas,2014,18,X,2.41511,X,X,X,X,X,X,963,104,39874
States,Texas,2014,19,X,2.52891,X,X,X,X,X,X,982,102,38831
States,Texas,2014,20,X,2.6284,X,X,X,X,X,X,978,104,37209
States,Texas,2014,21,X,2.77493,X,X,X,X,X,X,1028,101,37046
States,Texas,2014,22,X,2.77039,X,X,X,X,X,X,896,101,32342
States,Texas,2014,23,X,2.5365,X,X,X,X,X,X,879,98,34654
States,Texas,2014,24,X,2.22052,X,X,X,X,X,X,784,98,35307
States,Texas,2014,25,X,2.00295,X,X,X,X,X,X,678,96,33850
States,Texas,2014,26,X,3.19926,X,X,X,X,X,X,657,92,20536
States,Texas,2014,27,X,1.9334,X,X,X,X,X,X,544,92,28137
States,Texas,2014,28,X,1.90947,X,X,X,X,X,X,634,94,33203
States,Texas,2014,29,X,1.76986,X,X,X,X,X,X,564,93,31867
States,Texas,2014,30,X,1.57256,X,X,X,X,X,X,496,89,31541
States,Texas,2014,31,X,1.68632,X,X,X,X,X,X,532,89,31548
States,Texas,2014,32,X,1.37986,X,X,X,X,X,X,452,91,32757
States,Texas,2014,33,X,1.41906,X,X,X,X,X,X,469,91,33050
States,Texas,2014,34,X,1.52139,X,X,X,X,X,X,536,91,35231
States,Texas,2014,35,X,1.5349,X,X,X,X,X,X,551,91,35898
States,Texas,2014,36,X,1.9311,X,X,X,X,X,X,583,89,30190
States,Texas,2014,37,X,2.21526,X,X,X,X,X,X,792,89,35752
States,Texas,2014,38,X,2.25158,X,X,X,X,X,X,784,88,34820
States,Texas,2014,39,X,2.33845,X,X,X,X,X,X,828,83,35408
States,Texas,2014,40,X,1.61545,X,X,X,X,X,X,623,95,38565
States,Texas,2014,41,X,1.73191,X,X,X,X,X,X,672,94,38801
States,Texas,2014,42,X,1.97601,X,X,X,X,X,X,761,95,38512
States,Texas,2014,43,X,2.1727,X,X,X,X,X,X,860,98,39582
States,Texas,2014,44,X,2.26836,X,X,X,X,X,X,861,96,37957
States,Texas,2014,45,X,2.31548,X,X,X,X,X,X,885,99,38221
States,Texas,2014,46,X,2.2432,X,X,X,X,X,X,765,75,34103
States,Texas,2014,47,X,4.10392,X,X,X,X,X,X,1556,99,37915
States,Texas,2014,48,X,4.66631,X,X,X,X,X,X,1390,100,29788
States,Texas,2014,49,X,4.91288,X,X,X,X,X,X,2030,101,41320
States,Texas,2014,50,X,8.96964,X,X,X,X,X,X,2414,101,26913
States,Texas,2014,51,X,12.9375,X,X,X,X,X,X,2595,83,20058
States,Texas,2014,52,X,7.69326,X,X,X,X,X,X,1242,73,16144
States,Texas,2014,53,X,11.3225,X,X,X,X,X,X,1684,80,14873
States,Texas,2015,1,X,9.06724,X,X,X,X,X,X,1776,84,19587
States,Texas,2015,2,X,9.74748,X,X,X,X,X,X,2675,97,27443
States,Texas,2015,3,X,7.17791,X,X,X,X,X,X,2984,99,41572
States,Texas,2015,4,X,6.20728,X,X,X,X,X,X,2652,103,42724
States,Texas,2015,5,X,5.65253,X,X,X,X,X,X,2351,102,41592
States,Texas,2015,6,X,5.05952,X,X,X,X,X,X,2104,102,41585
States,Texas,2015,7,X,4.73512,X,X,X,X,X,X,1953,101,41245
States,Texas,2015,8,X,4.00071,X,X,X,X,X,X,1580,104,39493
States,Texas,2015,9,X,4.28631,X,X,X,X,X,X,1751,104,40851
States,Texas,2015,10,X,4.17538,X,X,X,X,X,X,1577,104,37769
States,Texas,2015,11,X,3.60072,X,X,X,X,X,X,1374,106,38159
States,Texas,2015,12,X,3.35832,X,X,X,X,X,X,1362,104,40556
States,Texas,2015,13,X,3.18727,X,X,X,X,X,X,1182,96,37085
States,Texas,2015,14,X,2.63374,X,X,X,X,X,X,1024,95,38880
States,Texas,2015,15,X,2.74126,X,X,X,X,X,X,1051,95,38340
States,Texas,2015,16,X,1.67388,X,X,X,X,X,X,654,97,39071
States,Texas,2015,17,X,2.65661,X,X,X,X,X,X,1000,94,37642
States,Texas,2015,18,X,2.39644,X,X,X,X,X,X,895,94,37347
States,Texas,2015,19,X,2.3067,X,X,X,X,X,X,821,95,35592
States,Texas,2015,20,X,2.3767,X,X,X,X,X,X,838,94,35259
States,Texas,2015,21,X,2.15255,X,X,X,X,X,X,620,84,28803
States,Texas,2015,22,X,2.59259,X,X,X,X,X,X,490,80,18900
States,Texas,2015,23,X,1.7597,X,X,X,X,X,X,546,81,31028
States,Texas,2015,24,X,1.75866,X,X,X,X,X,X,513,82,29170
States,Texas,2015,25,X,1.47285,X,X,X,X,X,X,450,84,30553
States,Texas,2015,26,X,1.58033,X,X,X,X,X,X,414,83,26197
States,Texas,2015,27,X,1.26985,X,X,X,X,X,X,383,85,30161
States,Texas,2015,28,X,1.29911,X,X,X,X,X,X,371,80,28558
States,Texas,2015,29,X,1.28852,X,X,X,X,X,X,388,84,30112
States,Texas,2015,30,X,1.0823,X,X,X,X,X,X,265,66,24485
States,Texas,2015,31,X,1.12071,X,X,X,X,X,X,353,83,31498
States,Texas,2015,32,X,1.14597,X,X,X,X,X,X,355,80,30978
States,Texas,2015,33,X,1.58142,X,X,X,X,X,X,542,83,34273
States,Texas,2015,34,X,1.1363,X,X,X,X,X,X,402,83,35378
States,Texas,2015,35,X,1.52525,X,X,X,X,X,X,531,84,34814
States,Texas,2015,36,X,2.01858,X,X,X,X,X,X,578,79,28634
States,Texas,2015,37,X,1.8631,X,X,X,X,X,X,641,82,34405
States,Texas,2015,38,X,2.09836,X,X,X,X,X,X,710,82,33836
States,Texas,2015,39,X,2.17404,X,X,X,X,X,X,775,84,35648
States,Texas,2015,40,X,3.1748,X,X,X,X,X,X,1016,126,32002
States,Texas,2015,41,X,3.42995,X,X,X,X,X,X,1084,124,31604
States,Texas,2015,42,X,3.63057,X,X,X,X,X,X,1162,122,32006
States,Texas,2015,43,X,3.84937,X,X,X,X,X,X,1152,123,29927
States,Texas,2015,44,X,3.47839,X,X,X,X,X,X,1143,126,32860
States,Texas,2015,45,X,3.86243,X,X,X,X,X,X,1214,123,31431
States,Texas,2015,46,X,3.96778,X,X,X,X,X,X,1266,123,31907
States,Texas,2015,47,X,4.81392,X,X,X,X,X,X,1071,122,22248
States,Texas,2015,48,X,4.43529,X,X,X,X,X,X,1411,122,31813
States,Texas,2015,49,X,4.49576,X,X,X,X,X,X,1320,119,29361
States,Texas,2015,50,X,4.67202,X,X,X,X,X,X,1391,121,29773
States,Texas,2015,51,X,5.12797,X,X,X,X,X,X,1110,121,21646
States,Texas,2015,52,X,5.70737,X,X,X,X,X,X,1274,120,22322
States,Texas,2016,1,X,4.68602,X,X,X,X,X,X,1282,120,27358
States,Texas,2016,2,X,4.16846,X,X,X,X,X,X,1164,121,27924
States,Texas,2016,3,X,4.36048,X,X,X,X,X,X,1318,123,30226
States,Texas,2016,4,X,4.96129,X,X,X,X,X,X,1551,122,31262
States,Texas,2016,5,X,4.89241,X,X,X,X,X,X,1512,123,30905
States,Texas,2016,6,X,5.62804,X,X,X,X,X,X,1816,122,32267
States,Texas,2016,7,X,6.36256,X,X,X,X,X,X,2035,120,31984
States,Texas,2016,8,X,4.48169,X,X,X,X,X,X,1147,86,25593
States,Texas,2016,9,X,4.7195,X,X,X,X,X,X,1203,83,25490
States,Texas,2016,10,X,4.01485,X,X,X,X,X,X,941,81,23438
States,Texas,2016,11,X,3.73119,X,X,X,X,X,X,749,81,20074
States,Texas,2016,12,X,3.46318,X,X,X,X,X,X,777,81,22436
States,Texas,2016,13,X,3.2444,X,X,X,X,X,X,760,80,23425
States,Texas,2016,14,X,2.83508,X,X,X,X,X,X,569,61,20070
States,Texas,2016,15,X,3.25267,X,X,X,X,X,X,789,77,24257
States,Texas,2016,16,X,3.57929,X,X,X,X,X,X,846,75,23636
States,Texas,2016,17,X,3.0393,X,X,X,X,X,X,747,79,24578
States,Texas,2016,18,X,2.74919,X,X,X,X,X,X,617,77,22443
States,Texas,2016,19,X,2.30401,X,X,X,X,X,X,472,73,20486
States,Texas,2016,20,X,2.35638,X,X,X,X,X,X,459,76,19479
States,Texas,2016,21,X,2.78809,X,X,X,X,X,X,518,74,18579
States,Texas,2016,22,X,2.47401,X,X,X,X,X,X,395,72,15966
States,Texas,2016,23,X,1.99249,X,X,X,X,X,X,276,49,13852
States,Texas,2016,24,X,2.1005,X,X,X,X,X,X,362,69,17234
States,Texas,2016,25,X,1.87159,X,X,X,X,X,X,316,68,16884
States,Texas,2016,26,X,1.84575,X,X,X,X,X,X,297,65,16091
States,Texas,2016,27,X,1.66667,X,X,X,X,X,X,248,68,14880
States,Texas,2016,28,X,1.55492,X,X,X,X,X,X,189,68,12155
States,Texas,2016,29,X,1.42177,X,X,X,X,X,X,239,67,16810
States,Texas,2016,30,X,1.57115,X,X,X,X,X,X,261,67,16612
States,Texas,2016,31,X,1.27404,X,X,X,X,X,X,216,67,16954
States,Texas,2016,32,X,1.30064,X,X,X,X,X,X,209,62,16069
States,Texas,2016,33,X,1.31155,X,X,X,X,X,X,224,65,17079
States,Texas,2016,34,X,1.76582,X,X,X,X,X,X,336,66,19028
States,Texas,2016,35,X,2.89706,X,X,X,X,X,X,423,64,14601
States,Texas,2016,36,X,3.0076,X,X,X,X,X,X,534,63,17755
States,Texas,2016,37,X,2.60465,X,X,X,X,X,X,509,61,19542
States,Texas,2016,38,X,2.57309,X,X,X,X,X,X,367,60,14263
States,Texas,2016,39,X,2.75084,X,X,X,X,X,X,400,60,14541
States,Texas,2016,40,X,2.08692,X,X,X,X,X,X,654,120,31338
States,Texas,2016,41,X,1.95234,X,X,X,X,X,X,571,117,29247
States,Texas,2016,42,X,1.84806,X,X,X,X,X,X,541,114,29274
States,Texas,2016,43,X,2.06247,X,X,X,X,X,X,589,114,28558
States,Texas,2016,44,X,2.01191,X,X,X,X,X,X,581,112,28878
States,Texas,2016,45,X,2.08512,X,X,X,X,X,X,607,116,29111
States,Texas,2016,46,X,2.24903,X,X,X,X,X,X,673,116,29924
States,Texas,2016,47,X,2.59299,X,X,X,X,X,X,550,114,21211
States,Texas,2016,48,X,2.49507,X,X,X,X,X,X,696,112,27895
States,Texas,2016,49,X,3.06871,X,X,X,X,X,X,816,113,26591
States,Texas,2016,50,X,3.41272,X,X,X,X,X,X,887,111,25991
States,Texas,2016,51,X,4.10321,X,X,X,X,X,X,951,108,23177
States,Texas,2016,52,X,4.32471,X,X,X,X,X,X,960,109,22198
States,Texas,2017,1,X,4.19085,X,X,X,X,X,X,1076,113,25675
States,Texas,2017,2,X,5.06267,X,X,X,X,X,X,1450,112,28641
States,Texas,2017,3,X,5.47691,X,X,X,X,X,X,1563,112,28538
States,Texas,2017,4,X,6.20619,X,X,X,X,X,X,1868,109,30099
States,Texas,2017,5,X,8.48188,X,X,X,X,X,X,2774,112,32705
States,Texas,2017,6,X,10.2826,X,X,X,X,X,X,3508,113,34116
States,Texas,2017,7,X,9.2512,X,X,X,X,X,X,2592,90,28018
States,Texas,2017,8,X,8.99901,X,X,X,X,X,X,2635,106,29281
States,Texas,2017,9,X,7.50649,X,X,X,X,X,X,2256,107,30054
States,Texas,2017,10,X,7.26928,X,X,X,X,X,X,2107,105,28985
States,Texas,2017,11,X,5.85242,X,X,X,X,X,X,1403,104,23973
States,Texas,2017,12,X,4.48645,X,X,X,X,X,X,1258,104,28040
States,Texas,2017,13,X,4.00722,X,X,X,X,X,X,1065,101,26577
States,Texas,2017,14,X,3.50145,X,X,X,X,X,X,906,101,25875
States,Texas,2017,15,X,3.41597,X,X,X,X,X,X,835,99,24444
States,Texas,2017,16,X,3.39009,X,X,X,X,X,X,665,83,19616
States,Texas,2017,17,X,2.76932,X,X,X,X,X,X,755,101,27263
States,Texas,2017,18,X,2.62245,X,X,X,X,X,X,665,97,25358
States,Texas,2017,19,X,1.72152,X,X,X,X,X,X,419,98,24339
States,Texas,2017,20,X,2.30259,X,X,X,X,X,X,552,98,23973
States,Texas,2017,21,X,2.14023,X,X,X,X,X,X,471,94,22007
States,Texas,2017,22,X,1.79865,X,X,X,X,X,X,360,93,20015
States,Texas,2017,23,X,1.79529,X,X,X,X,X,X,385,96,21445
States,Texas,2017,24,X,1.57771,X,X,X,X,X,X,329,95,20853
States,Texas,2017,25,X,1.50002,X,X,X,X,X,X,302,92,20133
States,Texas,2017,26,X,1.52211,X,X,X,X,X,X,252,78,16556
States,Texas,2017,27,X,1.39677,X,X,X,X,X,X,256,94,18328
States,Texas,2017,28,X,1.21989,X,X,X,X,X,X,238,95,19510
States,Texas,2017,29,X,1.33324,X,X,X,X,X,X,182,77,13651
States,Texas,2017,30,X,1.33018,X,X,X,X,X,X,264,94,19847
States,Texas,2017,31,X,1.27357,X,X,X,X,X,X,260,95,20415
States,Texas,2017,32,X,1.04005,X,X,X,X,X,X,214,94,20576
States,Texas,2017,33,X,1.10367,X,X,X,X,X,X,206,80,18665
States,Texas,2017,34,X,1.8906,X,X,X,X,X,X,347,77,18354
States,Texas,2017,35,X,1.895,X,X,X,X,X,X,331,76,17467
States,Texas,2017,36,X,2.01905,X,X,X,X,X,X,371,75,18375
States,Texas,2017,37,X,1.93658,X,X,X,X,X,X,477,92,24631
States,Texas,2017,38,X,1.77468,X,X,X,X,X,X,448,93,25244
States,Texas,2017,39,X,1.9715,X,X,X,X,X,X,494,90,25057
States,Texas,2017,40,X,2.15321,X,X,X,X,X,X,642,111,29816
States,Texas,2017,41,X,2.22464,X,X,X,X,X,X,654,113,29398
States,Texas,2017,42,X,2.13774,X,X,X,X,X,X,641,111,29985
States,Texas,2017,43,X,2.34254,X,X,X,X,X,X,710,111,30309
States,Texas,2017,44,X,3.24542,X,X,X,X,X,X,774,76,23849
States,Texas,2017,45,X,3.67219,X,X,X,X,X,X,1109,109,30200
States,Texas,2017,46,X,4.41976,X,X,X,X,X,X,1365,110,30884
States,Texas,2017,47,X,4.57186,X,X,X,X,X,X,1023,111,22376
States,Texas,2017,48,X,5.26676,X,X,X,X,X,X,1541,112,29259
States,Texas,2017,49,X,5.83165,X,X,X,X,X,X,1678,111,28774
States,Texas,2017,50,X,9.36695,X,X,X,X,X,X,2764,110,29508
States,Texas,2017,51,X,13.449,X,X,X,X,X,X,3938,106,29281
States,Texas,2017,52,X,10.9528,X,X,X,X,X,X,1830,68,16708
States,Texas,2018,1,X,12.5909,X,X,X,X,X,X,3428,108,27226
States,Texas,2018,2,X,12.8689,X,X,X,X,X,X,4047,107,31448
States,Texas,2018,3,X,13.0336,X,X,X,X,X,X,3966,110,30429
States,Texas,2018,4,X,14.5657,X,X,X,X,X,X,5203,110,35721
States,Texas,2018,5,X,13.9335,X,X,X,X,X,X,4996,109,35856
States,Texas,2018,6,X,12.9045,X,X,X,X,X,X,4450,110,34484
States,Texas,2018,7,X,10.9435,X,X,X,X,X,X,3598,109,32878
States,Texas,2018,8,X,8.27868,X,X,X,X,X,X,2638,109,31865
States,Texas,2018,9,X,6.07416,X,X,X,X,X,X,1833,106,30177
States,Texas,2018,10,X,4.85631,X,X,X,X,X,X,1286,103,26481
States,Texas,2018,11,X,3.72125,X,X,X,X,X,X,817,102,21955
States,Texas,2018,12,X,3.07753,X,X,X,X,X,X,853,104,27717
States,Texas,2018,13,X,3.51379,X,X,X,X,X,X,762,101,21686
States,Texas,2018,14,X,2.93401,X,X,X,X,X,X,530,88,18064
States,Texas,2018,15,X,2.45258,X,X,X,X,X,X,437,85,17818
States,Texas,2018,16,X,2.46861,X,X,X,X,X,X,696,103,28194
States,Texas,2018,17,X,2.29361,X,X,X,X,X,X,624,102,27206
States,Texas,2018,18,X,2.30994,X,X,X,X,X,X,570,98,24676
States,Texas,2018,19,X,2.16706,X,X,X,X,X,X,509,96,23488
States,Texas,2018,20,X,1.69425,X,X,X,X,X,X,391,95,23078
States,Texas,2018,21,X,1.95167,X,X,X,X,X,X,441,94,22596
States,Texas,2018,22,X,1.70382,X,X,X,X,X,X,334,93,19603
States,Texas,2018,23,X,1.57834,X,X,X,X,X,X,316,90,20021
States,Texas,2018,24,X,1.59816,X,X,X,X,X,X,320,92,20023
States,Texas,2018,25,X,1.32682,X,X,X,X,X,X,250,91,18842
States,Texas,2018,26,X,1.7444,X,X,X,X,X,X,288,91,16510
States,Texas,2018,27,X,1.27277,X,X,X,X,X,X,211,90,16578
States,Texas,2018,28,X,1.35064,X,X,X,X,X,X,256,91,18954
States,Texas,2018,29,X,1.06927,X,X,X,X,X,X,203,90,18985
States,Texas,2018,30,X,1.02062,X,X,X,X,X,X,197,90,19302
States,Texas,2018,31,X,1.05115,X,X,X,X,X,X,209,90,19883
States,Texas,2018,32,X,1.31634,X,X,X,X,X,X,156,52,11851
States,Texas,2018,33,X,0.988875,X,X,X,X,X,X,184,88,18607
States,Texas,2018,34,X,1.39918,X,X,X,X,X,X,270,88,19297
States,Texas,2018,35,X,1.20577,X,X,X,X,X,X,244,78,20236
States,Texas,2018,36,X,1.94818,X,X,X,X,X,X,382,93,19608
States,Texas,2018,37,X,2.13464,X,X,X,X,X,X,449,91,21034
States,Texas,2018,38,X,1.88542,X,X,X,X,X,X,465,93,24663
States,Texas,2018,39,X,2.1767,X,X,X,X,X,X,561,96,25773
States,Texas,2018,40,X,2.57487,X,X,X,X,X,X,730,109,28351
States,Texas,2018,41,X,2.12283,X,X,X,X,X,X,589,108,27746
States,Texas,2018,42,X,2.20848,X,X,X,X,X,X,607,108,27485
States,Texas,2018,43,X,2.63998,X,X,X,X,X,X,761,107,28826
States,Texas,2018,44,X,2.8987,X,X,X,X,X,X,831,109,28668
States,Texas,2018,45,X,3.16233,X,X,X,X,X,X,945,111,29883
States,Texas,2018,46,X,3.38883,X,X,X,X,X,X,973,111,28712
States,Texas,2018,47,X,3.67031,X,X,X,X,X,X,806,111,21960
States,Texas,2018,48,X,3.58931,X,X,X,X,X,X,1104,110,30758
States,Texas,2018,49,X,3.57419,X,X,X,X,X,X,1017,110,28454
States,Texas,2018,50,X,4.13873,X,X,X,X,X,X,1148,110,27738
States,Texas,2018,51,X,4.95303,X,X,X,X,X,X,1255,102,25338
States,Texas,2018,52,X,6.40128,X,X,X,X,X,X,1317,102,20574
States,Texas,2019,1,X,5.11093,X,X,X,X,X,X,1244,111,24340
States,Texas,2019,2,X,4.66314,X,X,X,X,X,X,1331,111,28543
States,Texas,2019,3,X,5.57504,X,X,X,X,X,X,1621,114,29076
States,Texas,2019,4,X,7.07857,X,X,X,X,X,X,2092,116,29554
States,Texas,2019,5,X,8.58413,X,X,X,X,X,X,2684,114,31267
States,Texas,2019,6,X,10.165,X,X,X,X,X,X,3363,116,33084
States,Texas,2019,7,X,10.203,X,X,X,X,X,X,3277,117,32118
States,Texas,2019,8,X,9.24004,X,X,X,X,X,X,2912,117,31515
States,Texas,2019,9,X,9.54986,X,X,X,X,X,X,3055,117,31990
States,Texas,2019,10,X,8.72284,X,X,X,X,X,X,2734,119,31343
States,Texas,2019,11,X,7.81343,X,X,X,X,X,X,2109,116,26992
States,Texas,2019,12,X,5.79463,X,X,X,X,X,X,1764,119,30442
States,Texas,2019,13,X,4.89506,X,X,X,X,X,X,1411,114,28825
States,Texas,2019,14,X,4.40566,X,X,X,X,X,X,1232,116,27964
States,Texas,2019,15,X,3.94129,X,X,X,X,X,X,1152,118,29229
States,Texas,2019,16,X,3.42261,X,X,X,X,X,X,929,114,27143
States,Texas,2019,17,X,2.70961,X,X,X,X,X,X,657,98,24247
States,Texas,2019,18,X,2.55929,X,X,X,X,X,X,722,114,28211
States,Texas,2019,19,X,2.50535,X,X,X,X,X,X,620,103,24747
States,Texas,2019,20,X,2.50115,X,X,X,X,X,X,597,105,23869
States,Texas,2019,21,X,2.894,X,X,X,X,X,X,507,66,17519
States,Texas,2019,22,X,2.2191,X,X,X,X,X,X,442,99,19918
States,Texas,2019,23,X,2.20845,X,X,X,X,X,X,474,95,21463
States,Texas,2019,24,X,2.25626,X,X,X,X,X,X,461,90,20432
States,Texas,2019,25,X,1.99168,X,X,X,X,X,X,407,96,20435
States,Texas,2019,26,X,1.93911,X,X,X,X,X,X,300,56,15471
States,Texas,2019,27,X,1.80349,X,X,X,X,X,X,328,94,18187
States,Texas,2019,28,X,1.63544,X,X,X,X,X,X,254,58,15531
States,Texas,2019,29,X,1.35155,X,X,X,X,X,X,281,96,20791
States,Texas,2019,30,X,1.58026,X,X,X,X,X,X,317,94,20060
States,Texas,2019,31,X,1.3381,X,X,X,X,X,X,281,94,21000
States,Texas,2019,32,X,1.18368,X,X,X,X,X,X,253,93,21374
States,Texas,2019,33,X,0.879297,X,X,X,X,X,X,198,89,22518
States,Texas,2019,34,X,1.26906,X,X,X,X,X,X,298,92,23482
States,Texas,2019,35,X,1.84147,X,X,X,X,X,X,450,94,24437
States,Texas,2019,36,X,1.90786,X,X,X,X,X,X,451,95,23639
States,Texas,2019,37,X,2.14503,X,X,X,X,X,X,549,96,25594
States,Texas,2019,38,X,1.83876,X,X,X,X,X,X,390,81,21210
States,Texas,2019,39,X,2.08464,X,X,X,X,X,X,530,94,25424
States,Texas,2019,40,X,2.15822,X,X,X,X,X,X,637,114,29515
States,Texas,2019,41,X,2.54297,X,X,X,X,X,X,759,116,29847
States,Texas,2019,42,X,2.55285,X,X,X,X,X,X,768,119,30084
States,Texas,2019,43,X,3.23872,X,X,X,X,X,X,987,117,30475
States,Texas,2019,44,X,3.70212,X,X,X,X,X,X,1124,121,30361
States,Texas,2019,45,X,4.73487,X,X,X,X,X,X,1501,116,31701
States,Texas,2019,46,X,4.78979,X,X,X,X,X,X,1456,111,30398
States,Texas,2019,47,X,6.49962,X,X,X,X,X,X,2114,114,32525
States,Texas,2019,48,X,7.33775,X,X,X,X,X,X,1783,117,24299
States,Texas,2019,49,X,6.09199,X,X,X,X,X,X,1894,110,31090
States,Texas,2019,50,X,8.66833,X,X,X,X,X,X,2124,98,24503
States,Texas,2019,51,X,11.7639,X,X,X,X,X,X,2605,93,22144
States,Texas,2019,52,X,15.3841,X,X,X,X,X,X,2343,90,15230
States,Texas,2020,1,X,11.1836,X,X,X,X,X,X,2933,114,26226
States,Texas,2020,2,X,10.007,X,X,X,X,X,X,3008,116,30059
States,Texas,2020,3,X,10.6001,X,X,X,X,X,X,3100,114,29245
States,Texas,2020,4,X,10.7496,X,X,X,X,X,X,3429,113,31899
States,Texas,2020,5,X,11.1758,X,X,X,X,X,X,3799,116,33993
States,Texas,2020,6,X,10.7808,X,X,X,X,X,X,3090,117,28662
States,Texas,2020,7,X,9.62965,X,X,X,X,X,X,3076,114,31943
States,Texas,2020,8,X,8.96708,X,X,X,X,X,X,2890,115,32229
States,Texas,2020,9,X,7.76631,X,X,X,X,X,X,2454,111,31598
States,Texas,2020,10,X,8.06613,X,X,X,X,X,X,2415,106,29940
States,Texas,2020,11,X,6.9676,X,X,X,X,X,X,1789,108,25676
States,Texas,2020,12,X,8.17144,X,X,X,X,X,X,1918,101,23472
States,Texas,2020,13,X,4.72139,X,X,X,X,X,X,727,101,15398
States,Texas,2020,14,X,3.38493,X,X,X,X,X,X,398,93,11758
States,Texas,2020,15,X,2.90753,X,X,X,X,X,X,338,100,11625
States,Texas,2020,16,X,2.08505,X,X,X,X,X,X,228,95,10935
States,Texas,2020,17,X,2.0202,X,X,X,X,X,X,216,93,10692
States,Texas,2020,18,X,1.50659,X,X,X,X,X,X,128,78,8496
States,Texas,2020,19,X,1.28713,X,X,X,X,X,X,156,91,12120
States,Texas,2020,20,X,1.15489,X,X,X,X,X,X,153,92,13248
States,Texas,2020,21,X,1.1646,X,X,X,X,X,X,150,86,12880
States,Texas,2020,22,X,1.05852,X,X,X,X,X,X,123,78,11620
States,Texas,2020,23,X,0.925773,X,X,X,X,X,X,56,62,6049
